CL                  |Attuale        |Nuovo          
26573               |        0.00000|        0.92448
26574               |        0.00000|        0.92448
26578               |        0.00000|        3.27200
26579               |        0.00000|        3.01663
26582               |        0.00000|        0.82341
26583               |        0.00000|        0.82341
26588               |        0.00000|        1.06929
26594               |        0.00000|        0.68761
26595               |        0.00000|        0.70977
26597               |        0.00000|        1.98853
26598               |        0.00000|        3.73167
26599               |        0.00000|        0.88857
26601               |        0.00000|        0.78784
26603               |        0.00000|        1.01732
26605               |        0.00000|        1.15609
26607               |        0.00000|        0.47930
26608               |        0.00000|        1.86051
26609               |        0.00000|        2.96281
26610               |        0.00000|        0.71119
26611               |        0.00000|        0.81532
26612               |        0.00000|        1.14381
26613               |        0.00000|        1.14381
26614               |        0.00000|        0.86880
26615               |        0.00000|        0.62134
26616               |        0.00000|        0.62134
26618               |        0.00000|        0.70406
26619               |        0.00000|        0.70406
26620               |        0.00000|        0.75087
26621               |        0.00000|        3.11735
26622               |        0.00000|        2.46683
26623               |        0.00000|        0.86974
26624               |        0.00000|        0.59276
26625               |        0.00000|        0.73546
26626               |        0.00000|        0.73546
26627               |        0.00000|        0.83740
26628               |        0.00000|        0.50958
26629               |        0.00000|        1.62181
26630               |        0.00000|        2.54918
26631               |        0.00000|        2.49502
26632               |        0.00000|        2.22620
26633               |        0.00000|        1.00335
26634               |        0.00000|        1.24127
26635               |        0.00000|        0.78207
26636               |        0.00000|       27.12200
26637               |        0.00000|        0.63717
26638               |        0.00000|        1.30255
26639               |        0.00000|        1.30255
26640               |        0.00000|        1.00387
26641               |        0.00000|        1.46007
26642               |        0.00000|        0.80610
26643               |        0.00000|        0.85494
26644               |        0.00000|        0.67352
26645               |        0.00000|        1.13829
26646               |        0.00000|        0.63946
26647               |        0.00000|        0.90013
26648               |        0.00000|        0.84958
26649               |        0.00000|        0.84958
26650               |        0.00000|        1.54702
26651               |        0.00000|        0.93034
26652               |        0.00000|        0.93034
26653               |        0.00000|        1.42746
26655               |        0.00000|        1.58384
26656               |        0.00000|        0.71184
26657               |        0.00000|        0.77078
26658               |        0.00000|        0.53267
26659               |        0.00000|        2.37000
26660               |        0.00000|        2.20547
26661               |        0.00000|        1.17841
26662               |        0.00000|        0.60614
26663               |        0.00000|        0.60614
26664               |        0.00000|        0.85561
26666               |        0.00000|        1.12538
26667               |        0.99176|        1.07680
26668               |        0.72984|        0.73667
26669               |        0.79295|        0.86210
26670               |        1.06414|        1.07312
26671               |        0.98893|        0.96230
26672               |        0.61879|        0.62261
26673               |        0.60880|        0.61221
26674               |        1.69380|        1.50080
26675               |        0.79945|        0.87050
26676               |        0.86741|        0.89081
26677               |        1.07129|        1.12423
26678               |        0.60005|        0.61866
26679               |        0.61671|        0.62920
26680               |        0.98546|        1.14454
26681               |        2.95132|        2.56859
26683               |        0.91844|        1.01382
26684               |        0.75127|        0.81370
26685               |        0.75125|        0.81370
26686               |        0.56405|        0.57610
26687               |        0.65641|        0.69684
26688               |        0.56160|        5.02200
26689               |        0.66592|        0.73420
26690               |        0.58600|        0.59543
26691               |        1.16654|        1.21860
26692               |        0.80928|        0.81828
26694               |        0.75810|        1.33750
26695               |        0.92380|        0.98505
26696               |        0.63435|        1.19882
26697               |        0.63435|        1.19882
26698               |        0.51893|        0.60023
26699               |        0.81116|        1.28963
26700               |        0.81120|        1.28963
26701               |        0.99060|        0.81420
26702               |        0.45913|        0.46068
26703               |        0.75778|        0.84760
26704               |        0.75778|        0.84760
26705               |        0.77262|        0.82148
26706               |        1.80406|        1.88027
26707               |        1.25179|        1.25767
26708               |        2.19240|        2.40876
26709               |        2.26400|        2.26080
26710               |        1.02442|        1.22803
26711               |        1.19122|        1.15640
26712               |        1.36462|        1.43058
26713               |        1.36462|        1.43058
26714               |        0.65397|        0.72450
26715               |        0.58887|        0.61254
26716               |        3.20440|        2.93654
26717               |        3.46774|        3.73167
26718               |        0.66631|        0.70627
26719               |        1.23822|        1.23678
26720               |        1.23822|        1.23678
26721               |        0.82930|        0.88330
26722               |        1.06614|        1.08030
26727               |        4.10000|        4.40800
26729               |        0.86601|        0.85524
26730               |        0.86601|        0.85524
26731               |        0.70061|        0.75246
26732               |        0.70061|        0.75246
26733               |        0.58926|        0.59050
26734               |        1.16493|        1.20721
26735               |        0.79170|        0.85360
26736               |        1.13476|        1.15900
26737               |        0.84628|        0.95427
26738               |        1.48251|        1.57631
26739               |        5.17330|        5.62508
26740               |        0.77181|        0.81790
26741               |        0.77181|        0.81790
26742               |        5.20928|        5.66508
26743               |        2.06300|        2.24742
26744               |        0.52697|        0.53587
26745               |        0.75343|        0.75013
26746               |        1.20598|        1.20595
26747               |        1.20598|        1.20595
26748               |        0.77226|        0.86784
26749               |        1.92117|        2.02356
26750               |        0.79033|        0.98704
26751               |        0.79034|        0.98704
26753               |        2.06892|        2.12583
26754               |        3.34388|        3.14378
26755               |        0.96857|        1.01729
26756               |        0.96853|        1.01729
26757               |        1.31293|        1.49470
26759               |        0.52163|        1.90560
26761               |        1.05532|        1.10569
26762               |        1.06766|        1.09193
26763               |        0.71042|        0.76036
26764               |        0.71042|        0.76036
26765               |        0.70304|        0.78093
26766               |        0.79033|        0.98704
26767               |        0.62487|        0.65886
26768               |        0.96109|        1.13637
26769               |        0.96110|        1.13637
26770               |        0.66718|        0.72348
26771               |        0.29661|        0.87005
26772               |        0.29661|        0.87005
26773               |        2.75568|        3.08600
26774               |        0.58478|        0.58126
26775               |        3.46774|        3.73167
26776               |        0.67258|        0.72637
26777               |        5.17330|        5.62508
26778               |        0.91629|        1.01525
26779               |        0.64896|        0.67076
26780               |        1.16493|        1.20721
26781               |        0.82026|        0.88103
26782               |        0.82026|        0.88103
26783               |        1.98247|        2.19220
26784               |        0.82696|        0.92175
26785               |        0.61855|        0.66053
26786               |        1.16102|        1.23794
26787               |        0.74632|        0.74431
26788               |        0.63736|        0.65584
26789               |        0.63736|        0.65584
26790               |        1.11793|        1.09509
26791               |        1.13807|        1.12220
26792               |        0.79717|        0.95200
26793               |        0.86445|        0.85670
26794               |        1.07129|        1.11596
26795               |        0.87890|        1.44810
26796               |        3.48190|        3.55333
26797               |        0.50224|        0.50523
26798               |        0.61320|        0.63440
26799               |        1.03867|        1.03600
26800               |        1.63850|        1.67880
26801               |        0.66698|        0.71513
26802               |        0.67883|        0.70653
26803               |        1.26533|        1.26296
26804               |        1.26533|        1.26296
26805               |        1.10301|        1.18218
26806               |        1.10320|        1.18218
26807               |        1.44658|        1.42749
26808               |        0.90822|        1.32960
26809               |        0.69188|        0.73068
26810               |        0.66814|        0.72391
26811               |        0.66814|        0.72391
26812               |        0.68711|        0.71576
26813               |        1.18200|        1.19090
26814               |        0.58510|        0.60675
26815               |        0.58510|        0.60675
26816               |        0.67886|        0.70014
26817               |        1.47758|        1.16906
26818               |        1.18770|        1.23253
26819               |        1.18771|        1.23253
26820               |        1.18772|        1.17688
26821               |        1.18773|        1.17688
26822               |        0.43537|        1.64211
26823               |        0.75376|        0.75166
26824               |        1.16234|        1.13850
26825               |        0.73696|        0.74418
26826               |        0.89213|        0.92355
26827               |        0.89212|        0.92355
26828               |        5.17320|        5.62508
26831               |        0.80178|        0.86285
26832               |        0.69754|        0.71684
26833               |        0.80453|        0.90970
26834               |        0.80453|        0.90970
26835               |        0.70446|        0.74387
26836               |        1.10699|        1.17733
26837               |        0.54495|        0.54102
26838               |        1.60926|        1.65855
26839               |        0.77736|        0.81324
26840               |        0.84814|        0.88031
26841               |        0.84814|        0.88031
26842               |        0.66176|        0.70588
26843               |        0.67412|        0.71211
26844               |        0.67464|        0.70639
26845               |        0.69754|        0.71684
26846               |        0.46237|        5.42986
26847               |        0.28337|        0.98982
26848               |        0.00000|        0.86450
26849               |        0.00000|        0.61522
26850               |        0.64794|        0.71231
26851               |        1.03757|        1.06635
26852               |        3.46774|        3.73167
26853               |        1.72880|        1.96480
26854               |        0.95352|        0.94180
26855               |        1.16189|        1.14625
26856               |        1.23104|        1.28486
26857               |        0.50549|        0.60459
26858               |        0.63028|        0.65515
26859               |        0.73768|        0.72137
26860               |        1.04024|        1.02242
26861               |        0.77950|        0.83768
26862               |        1.76506|        1.75750
26863               |        1.27696|        1.27489
26864               |        0.58090|        0.57879
26866               |        1.64076|        1.71171
26867               |        0.95352|        0.94180
26868               |        0.73101|        0.73018
26869               |        0.73100|        0.73018
26870               |        0.64438|        0.71636
26871               |        1.57256|        1.81200
26872               |        0.81469|        0.85462
26873               |        0.93751|        0.96631
26874               |        0.75764|        0.74537
26875               |        0.88940|        0.87000
26876               |        0.76570|        0.78400
26877               |        3.24900|        2.98617
26878               |        0.74568|        0.73847
26879               |        0.84759|        0.93310
26880               |        1.17082|        1.17904
26881               |        0.68759|        0.76157
26882               |        0.64235|        0.68423
26883               |        0.90258|        1.20169
26884               |        1.13476|        1.14500
26885               |        0.85831|        0.89004
26886               |        0.85831|        0.89004
26887               |        0.85744|        1.82020
26888               |        0.70622|        0.70592
26889               |        0.57961|        0.58352
26890               |        1.18918|        1.16936
26891               |        3.46774|        3.73167
26892               |        0.76821|        0.82536
26893               |        0.71647|        0.77702
26894               |        0.71645|        0.77702
26895               |        1.21358|        1.19453
26896               |        1.21355|        1.19453
26897               |        1.21355|        1.19453
26898               |        1.07100|        1.05232
26899               |        1.07100|        1.05232
26900               |        0.76047|        0.79334
26901               |        1.66393|        1.46747
26902               |        2.69283|        2.70146
26903               |        0.80172|        0.86291
26904               |        0.60913|        0.60688
26905               |        0.97836|        1.01160
26906               |        0.61271|        0.62819
26907               |        1.19901|        1.23085
26908               |        3.20100|        3.30983
26909               |        1.38471|        1.44490
26910               |        6.19300|        7.10280
26911               |        1.18085|        1.19316
26912               |        1.27221|        1.33067
26913               |        0.81793|        0.80632
26914               |        0.81793|        0.80632
26915               |        0.70284|        0.77425
26916               |        0.64426|        0.68969
26917               |        2.00920|        2.51020
26918               |        0.55936|        0.57031
26919               |        0.77307|        0.82056
26920               |        0.77309|        0.82056
26921               |        0.68352|        0.71988
26922               |        0.83622|        0.94135
26923               |        0.55802|        0.55600
26924               |        1.25351|        1.26384
26925               |        0.63525|        0.72476
26926               |        0.69716|        0.69914
26927               |        0.65049|        0.69454
26928               |        0.94501|        1.28382
26929               |        0.42178|        0.68014
26930               |        0.50825|        0.57247
26931               |        0.50825|        0.57247
26932               |        0.57533|        0.57296
26933               |        1.16636|        1.14455
26934               |        2.12672|        1.90253
26935               |        0.73672|        0.77771
26936               |        0.76293|        0.81355
26937               |        1.04399|        1.02732
26938               |        0.72539|        0.75882
26939               |        1.43936|        1.48506
26940               |        1.16400|        1.21879
26941               |        0.58406|        0.60165
26942               |        0.66738|        0.70466
26943               |        1.21195|        1.18307
26944               |        0.71348|        0.71465
26945               |        0.71350|        0.71465
26946               |        0.79170|        0.89690
26947               |        1.58756|        1.84325
26948               |        0.79717|        0.95200
26949               |        1.04759|        1.13273
26950               |        1.21983|        1.19185
26951               |        0.51005|        0.56307
26952               |        0.82696|        0.93514
26953               |        1.10970|        1.14356
26954               |        0.52435|        0.54275
26955               |        0.59896|        0.62204
26956               |        0.80432|        0.78841
26957               |        0.81349|        0.85378
26958               |        0.81349|        0.85378
26959               |        1.01482|        1.11178
26960               |        0.90924|        1.03149
26961               |        0.83526|        0.85723
26963               |        0.85274|        0.87879
26964               |        0.85274|        0.87879
26965               |        3.02787|        2.97080
26966               |       22.77167|       27.12200
26967               |        2.51020|        2.14200
26968               |        6.21458|        7.06860
26969               |        3.46774|        3.73167
26970               |        1.80680|        2.04317
26971               |        0.00000|        0.87692
26972               |        0.00000|        0.87692
26973               |        0.00000|        0.93291
26974               |        0.00000|        0.93291
26975               |        0.00000|        0.93291
26976               |        0.79017|        0.81929
26977               |        0.79018|        0.81929
26978               |        0.82804|        0.93362
26979               |        0.82805|        0.93362
26981               |        1.43385|        1.47699
26982               |        3.20400|        2.93077
26983               |        0.67937|        0.68153
26984               |        0.97225|        1.07940
26985               |        0.79170|        0.89690
26986               |        0.80412|        0.85249
26987               |        0.85578|        1.36600
26988               |        0.74810|        0.77292
26989               |        0.60245|        0.62101
26990               |        0.59473|        0.61293
26991               |        0.71846|        0.70305
26992               |        0.73117|        0.76497
26993               |        0.95259|        1.02378
26994               |        0.70025|        0.72244
26995               |        1.27960|        1.27955
26996               |        0.73095|        0.74062
26997               |        0.72618|        0.75819
26998               |        0.72618|        0.75819
26999               |        0.96890|        1.07949
27000               |        0.73346|        0.76341
27001               |        0.66882|        0.76280
27002               |        0.54129|        0.54257
27003               |        0.92582|        0.94710
27004               |        0.74245|        0.76797
27005               |        0.72046|        0.76751
27006               |        0.52428|        0.55354
27007               |        0.52428|        0.55354
27008               |        0.52428|        0.55354
27009               |        0.98893|        0.96230
27010               |        1.50196|        1.52458
27011               |        1.16493|        1.20651
27012               |        1.28337|        1.24119
27013               |        1.28337|        1.24119
27014               |        0.71566|        0.73665
27015               |        0.72817|        0.74986
27016               |        6.21458|        7.06860
27017               |        1.64492|        1.71587
27018               |        0.47257|        0.51665
27019               |        1.27221|        1.33055
27020               |        1.28041|        1.25319
27021               |        1.28041|        1.25319
27022               |        0.70612|        0.71723
27024               |        0.72135|        0.83370
27025               |        1.15928|        1.13212
27026               |        0.00000|        2.12583
27027               |        1.18085|        1.19310
27028               |        0.79170|        0.89690
27029               |        1.73350|        1.81160
27030               |        1.25180|        1.25776
27031               |        2.87436|        2.67785
27032               |        0.77035|        0.79304
27033               |        0.77034|        0.79304
27034               |        0.76570|        0.78400
27036               |        0.88000|        1.48045
27037               |        1.19121|        1.22737
27038               |        1.16400|        1.21864
27039               |        1.21077|        1.32758
27040               |        0.83852|        0.82813
27041               |        0.68124|        0.68715
27042               |        0.92162|        1.03426
27043               |        1.13476|        1.15200
27044               |        0.77683|        0.81192
27045               |        0.77683|        0.81192
27046               |        0.67830|        0.78167
27047               |        1.21669|        1.18441
27048               |        1.21668|        1.18441
27049               |        1.07129|        1.11801
27050               |        0.99868|        1.00457
27051               |        1.37171|        1.42918
27052               |        0.72612|        0.80713
27053               |        0.57929|        0.60777
27054               |        1.11731|        1.12087
27055               |        1.11729|        1.12087
27056               |        1.03027|        1.05938
27057               |        1.03027|        1.05938
27058               |        0.79040|        0.82127
27059               |        0.79040|        0.82127
27060               |        1.21346|        1.21223
27061               |        1.21346|        1.21223
27062               |        1.20824|        1.20638
27063               |        0.79717|        0.94900
27064               |        1.17723|        1.14932
27065               |        1.30015|        1.50007
27066               |        0.67845|        0.71535
27067               |        1.06158|        1.06691
27068               |        0.82446|        0.91107
27069               |        0.82446|        0.91107
27070               |        1.01819|        1.01859
27071               |        1.11325|        1.18523
27072               |        2.24300|        2.46075
27073               |        0.73630|        0.79187
27074               |        1.07333|        1.03097
27075               |        0.74712|        0.81017
27076               |        0.64456|        0.71134
27077               |        0.77694|        0.77883
27078               |        0.75688|        0.79582
27079               |        1.02789|        3.59322
27080               |        0.87007|        0.99424
27081               |        0.87007|        0.99424
27082               |        1.30313|        1.27217
27083               |        0.70964|        0.68625
27084               |        0.83396|        0.84799
27085               |        0.66077|        0.67855
27086               |        0.66077|        0.67855
27087               |       10.60120|       12.03364
27088               |        0.56675|        0.62024
27089               |        0.71130|        0.75014
27090               |        0.71131|        0.75014
27091               |        2.31473|        2.53208
27092               |        0.98212|        0.98703
27093               |        0.81737|        0.84577
27094               |        0.81737|        0.84577
27095               |        0.86670|        0.84936
27096               |        2.94546|        2.58447
27098               |        0.77401|        0.77634
27099               |        0.77402|        0.77634
27100               |        1.24534|        1.21405
27101               |        0.84964|        0.88339
27102               |        0.84964|        0.88339
27103               |        1.03792|        1.03512
27104               |        0.52990|        0.62659
27105               |        0.65140|        0.69345
27106               |        1.43272|        1.47364
27107               |        0.56985|        0.58073
27108               |        0.82556|        0.95427
27109               |        1.12718|        1.17741
27110               |        1.12718|        1.17741
27111               |        2.75567|        3.08600
27112               |        0.27495|        1.60360
27113               |        0.66903|        0.72790
27114               |        1.02442|        1.22596
27115               |        1.28519|        1.25529
27116               |        1.28518|        1.25529
27117               |        0.75431|        0.79615
27118               |        0.85640|        0.89163
27119               |        1.29915|        1.41254
27120               |        1.77220|        1.89920
27121               |        0.60329|        0.63255
27122               |        0.70278|        0.73882
27123               |        0.79005|        0.84955
27124               |        0.81754|        0.86495
27125               |        0.61067|        0.64199
27126               |        0.88553|        0.91910
27127               |        3.46774|        3.17333
27128               |        2.87480|        3.31613
27129               |        0.97886|        0.94990
27130               |        1.34209|        1.30332
27131               |        1.34208|        1.30332
27132               |        1.34210|        1.30332
27133               |        0.60646|        0.60146
27134               |        0.60646|        0.60146
27135               |        0.72610|        0.83537
27136               |        0.62760|        0.65343
27137               |        0.65311|        0.72012
27138               |        2.76150|        3.07850
27139               |        0.68820|        0.70766
27140               |        1.46411|        1.46785
27141               |        0.74135|        0.77502
27142               |        2.87475|        3.31613
27143               |        0.72706|        0.76793
27144               |        0.72707|        0.76793
27145               |        0.66504|        0.70846
27146               |        0.77776|        0.80604
27147               |        2.61360|        2.80074
27148               |        1.28920|        1.34557
27149               |        1.03092|        0.99057
27150               |        1.13476|        1.15200
27151               |        0.89304|        0.90445
27152               |        0.52489|        1.89891
27153               |        0.52489|        1.89891
27154               |        1.16762|        1.20427
27155               |        1.25179|        1.28678
27156               |        0.68425|        0.69402
27157               |        1.05816|        1.07238
27158               |        1.71738|        1.79943
27159               |        0.78410|        0.85134
27160               |        0.64175|        0.68352
27161               |        0.80963|        0.93672
27162               |        2.55204|        2.45471
27163               |        0.74256|        0.78162
27164               |        2.12675|        1.88273
27165               |        1.64492|        1.73988
27166               |        0.75558|        0.74742
27167               |        1.07129|        1.11159
27168               |        0.96438|        1.05723
27169               |        1.60405|        1.40080
27170               |        0.74130|        0.79059
27171               |        0.90335|        0.92175
27172               |        0.60562|        0.65265
27173               |        1.35822|        1.31838
27174               |        0.77187|        0.89141
27175               |        0.59408|        0.61728
27176               |        0.66683|        0.78968
27177               |        0.99172|        1.03512
27178               |        0.69053|        0.71507
27179               |        0.69053|        0.71507
27180               |        0.58985|        0.60084
27181               |        0.94004|        0.94330
27182               |        1.16439|        1.19905
27183               |        0.84546|        0.97610
27184               |        0.84546|        0.97610
27185               |        0.91871|        0.89530
27186               |        0.72622|        0.80036
27187               |        2.26400|        2.26080
27188               |        1.02780|        1.08579
27189               |        0.63667|        0.62818
27190               |        1.37171|        1.42861
27191               |        1.21455|        1.21465
27192               |        1.21454|        1.21465
27193               |        0.58285|        0.57920
27194               |        1.20739|        1.34234
27195               |        1.20739|        1.34234
27196               |        2.09135|        2.14812
27197               |        0.69127|        0.71600
27198               |        0.69127|        0.71600
27199               |        1.28900|        1.35297
27200               |        1.42200|        1.53937
27201               |        0.84855|        0.84211
27202               |        0.84855|        0.84211
27203               |        1.20825|        1.17408
27204               |        1.20825|        1.17408
27205               |        0.73852|        0.74054
27206               |        1.06350|        1.08350
27207               |        1.06352|        1.08350
27208               |        0.44049|        0.47282
27209               |        0.45611|        5.56985
27210               |        0.74716|        0.82242
27211               |        0.74716|        0.82242
27212               |        0.89923|        0.91817
27213               |        1.40195|        1.51554
27214               |        1.22330|        1.18394
27215               |        3.46774|        3.17333
27216               |        1.01342|        1.12289
27217               |        0.71283|        1.17361
27218               |        0.66048|        0.70915
27219               |        0.28277|        0.75742
27220               |        0.75622|        0.84608
27221               |        0.68265|        0.66858
27222               |        0.58891|        0.64289
27223               |        0.98706|        0.98702
27224               |        0.83622|        0.96685
27225               |        0.78945|        0.92213
27226               |        0.78945|        0.92213
27227               |        1.75518|        1.86119
27228               |        0.64815|        0.69666
27229               |        0.64687|        0.70179
27230               |        1.12310|        1.08227
27231               |        1.16356|        1.20252
27232               |        1.16356|        1.20252
27233               |        1.13928|        1.13922
27234               |        1.36276|        1.32467
27235               |        3.26540|        3.72420
27237               |        1.12349|        1.12853
27238               |        0.61320|        0.62160
27239               |        1.51028|        1.99370
27240               |        0.99569|        1.08837
27241               |        1.47368|        1.47800
27242               |        1.47368|        1.47800
27243               |        0.65928|        0.72715
27244               |        0.52139|        0.56585
27245               |        0.91990|        1.00880
27246               |        1.13092|        1.09907
27247               |        0.56413|        2.01896
27248               |        0.63288|        0.65240
27249               |        1.37280|        1.41845
27250               |        1.37280|        1.41845
27251               |        1.13476|        1.15200
27252               |        1.45840|        1.53703
27253               |        1.51083|        1.58367
27254               |        1.10984|        1.30829
27255               |        1.08603|        1.04168
27256               |        1.08603|        1.04168
27257               |        1.08603|        1.04168
27258               |        3.46774|        3.17333
27259               |        0.69964|        0.73012
27260               |        0.66300|        0.66029
27261               |        0.79717|        0.94643
27262               |        0.78238|        0.83713
27263               |        1.07129|        1.10273
27264               |        1.27221|        1.34315
27265               |        0.79946|        0.84253
27266               |        0.67250|        0.68378
27267               |        1.64492|        1.74988
27268               |        0.66631|        0.70875
27269               |        1.18085|        1.19910
27270               |        0.49942|        0.54377
27271               |        0.42266|        1.57167
27272               |        0.42266|        1.57167
27273               |        1.38165|        1.45675
27274               |        3.52128|        3.30950
27275               |        3.52128|        3.30950
27276               |        0.66094|        0.72319
27277               |        0.88673|        0.97682
27278               |        0.88673|        0.97682
27279               |        2.35267|        2.20277
27280               |        0.41552|        0.42021
27281               |        0.67682|        0.74206
27282               |        0.67682|        0.74206
27283               |        1.19925|        1.27123
27284               |        0.64007|        0.64578
27285               |        0.58218|        0.59446
27286               |        0.61976|        0.64550
27287               |        0.81942|        0.89838
27288               |        2.76176|        3.07820
27289               |        2.75560|        3.08600
27290               |        0.93563|        0.95909
27291               |        0.57646|        0.62752
27292               |        1.16493|        1.19409
27293               |        0.96824|        1.04863
27294               |        1.17612|        1.14293
27295               |        1.25050|        1.25070
27296               |        0.55006|        0.60753
27297               |        0.81751|        0.84788
27298               |        0.70418|        0.69811
27299               |        1.13890|        1.13127
27300               |        1.13886|        1.13127
27301               |        2.86226|        2.43762
27302               |        0.62395|        0.62769
27303               |        1.09761|        1.23595
27304               |        0.57010|        0.61840
27305               |        0.78101|        0.76833
27306               |        1.63853|        1.67880
27307               |        1.54695|        1.56000
27308               |        1.03780|        1.03490
27309               |        0.89943|        0.92364
27310               |        0.49326|        0.49932
27311               |        0.44654|        1.15485
27312               |        2.28212|        2.29774
27313               |        2.28210|        2.29774
27314               |        0.89577|        0.93200
27315               |        0.89577|        0.93200
27316               |        0.77464|        0.79151
27317               |        1.03856|        1.01840
27318               |        0.80047|        0.82050
27319               |        0.62132|        0.62648
27321               |        1.87450|        1.87832
27322               |        0.69214|        0.72417
27323               |        0.80849|        0.94329
27324               |        0.80849|        0.94329
27325               |        1.06450|        1.06147
27326               |        0.92608|        0.94097
27327               |        1.06738|        1.05343
27328               |        1.23193|        1.22976
27329               |        0.87508|        0.88936
27330               |        0.87508|        0.88936
27331               |        2.24300|        2.46075
27332               |        3.46774|        3.25667
27333               |        5.19482|        5.89948
27334               |        0.74678|        0.75791
27335               |        0.74677|        0.75791
27336               |        1.21388|        1.17259
27337               |        1.41265|        1.41089
27338               |        1.41267|        1.41089
27339               |        1.62850|        1.77930
27340               |        1.74830|        1.81248
27341               |        1.96160|        2.17728
27342               |        2.86600|        2.84660
27343               |        2.86511|        2.84660
27344               |        1.21325|        1.21720
27345               |        1.21325|        1.21720
27346               |        1.63490|        1.57204
27348               |        2.23775|        2.37000
27349               |        1.07637|        1.32372
27350               |        1.07636|        1.32372
27351               |        1.07636|        1.32372
27352               |        0.75717|        0.81190
27353               |        0.75717|        0.81190
27354               |        0.75717|        0.81190
27355               |        0.80083|        0.81320
27356               |        0.72003|        0.81484
27357               |        0.81288|        0.83441
27358               |        0.81290|        0.83441
27359               |        1.37076|        1.37673
27360               |        0.79717|        0.97943
27361               |        0.57892|        3.56758
27362               |        1.09984|        1.17220
27364               |        0.67054|        0.72565
27365               |        0.67054|        0.72565
27366               |        1.94480|        2.10890
27367               |        1.27284|        1.34453
27368               |        0.84270|        0.87303
27369               |        1.05910|        1.10410
27370               |        0.76570|        0.79450
27371               |        1.86950|        2.08805
27372               |        0.60246|        0.63312
27373               |        0.75964|        0.78822
27374               |        1.35869|        1.45830
27375               |        1.35869|        1.45830
27376               |        0.41346|        0.41741
27377               |        0.67894|        0.68752
27378               |        0.76705|        0.79357
27379               |        0.76705|        0.79357
27380               |        1.07129|        1.10301
27381               |        0.74177|        0.76289
27382               |        0.92221|        1.19075
27383               |        0.47570|        2.02594
27384               |        1.30067|        1.26604
27385               |        0.53928|        0.62143
27386               |        1.28348|        1.35595
27387               |        0.60367|        0.59955
27388               |        0.72130|        0.74147
27389               |        0.76346|        0.83435
27390               |        2.89933|        3.12881
27391               |        1.13876|        1.13085
27392               |        1.13875|        1.13085
27393               |        1.90614|        2.25009
27394               |        1.25040|        1.24277
27395               |        1.25040|        1.24277
27396               |        0.59071|        0.60432
27397               |        1.23203|        1.20497
27398               |        1.23203|        1.20497
27399               |      408.46000|      419.05600
27400               |        0.70223|        0.71953
27401               |        0.69774|        0.71474
27402               |        0.66738|        0.69707
27403               |        0.68018|        0.70596
27404               |        0.97615|        0.95444
27405               |        1.06314|        1.06582
27406               |        0.66941|        1.34707
27407               |        0.66941|        1.34707
27408               |        2.35364|        2.25603
27409               |        0.96193|        0.93320
27410               |        0.00000|        0.94365
27411               |        0.00000|        0.94365
27412               |        1.47664|        1.58191
27413               |        0.60246|        0.63312
27414               |        1.58759|        1.84329
27415               |        0.68944|        0.71494
27416               |        0.66882|        0.76280
27418               |        0.64717|        0.68296
27419               |        1.50657|        1.55941
27420               |        2.72116|        2.99300
27421               |        0.67932|        0.69083
27422               |        3.20409|        2.93444
27423               |        0.44121|        0.44573
27424               |        0.57826|        0.61088
27425               |        1.16654|        1.19837
27426               |        0.58954|        0.58186
27427               |        3.01158|        2.58942
27428               |        1.01653|        1.02296
27429               |        0.57807|        0.58313
27430               |        0.78485|        0.82355
27431               |        0.00000|        0.82434
27432               |        0.00000|        0.82434
27433               |        1.36774|        1.41763
27434               |        1.03633|        1.03897
27435               |        0.68023|        0.70868
27436               |        0.60032|        0.60365
27437               |        1.07129|        1.10523
27438               |        1.65469|        1.89450
27439               |        0.69725|        0.73916
27440               |        0.69725|        0.73916
27441               |        2.12672|        1.88273
27442               |        0.92552|        0.96692
27443               |        0.78142|        0.83101
27444               |        0.78139|        0.83101
27445               |        0.70281|        0.76552
27446               |        0.70281|        0.76552
27447               |        0.76823|        0.82378
27448               |        0.69551|        0.74884
27449               |        6.19305|        7.03280
27450               |        0.79365|        0.80461
27451               |        0.70015|        0.75638
27452               |        0.70015|        0.75638
27453               |        0.79717|        0.97429
27454               |        0.51958|        0.58926
27455               |        1.28879|        1.26390
27456               |        1.28879|        1.26390
27457               |        1.08956|        1.26998
27458               |        1.08957|        1.26998
27459               |        0.53778|        0.61545
27460               |        0.75928|        0.80492
27461               |        3.46774|        3.25667
27462               |        0.60862|        0.64115
27463               |        0.66332|        0.71393
27464               |        0.94040|        0.97671
27465               |        2.24300|        2.46075
27466               |        0.83727|        0.87613
27467               |        0.85807|        0.88946
27468               |        1.96095|        2.17656
27469               |        0.80427|        0.81014
27470               |        3.57840|        3.35720
27471               |        2.23783|        2.37000
27472               |        1.25180|        1.26796
27473               |        0.42812|        0.53588
27474               |        1.62404|        1.78370
27475               |        0.76767|        1.04000
27476               |        0.76612|        0.80476
27477               |        0.61932|        0.65226
27478               |        0.75669|        0.76754
27479               |        3.45983|        3.26242
27480               |        0.65324|        0.69987
27481               |        1.24610|        1.36715
27482               |        1.24610|        1.36715
27483               |        0.93000|        1.03135
27484               |        0.93000|        1.03135
27487               |        0.85578|        1.36600
27488               |        1.29399|        1.32823
27489               |        0.50020|        0.51400
27490               |        0.85647|        0.88852
27491               |        0.85647|        0.88852
27492               |        0.44781|        1.17139
27493               |        3.01988|        2.63043
27494               |        0.42515|        0.43080
27495               |        0.64135|        0.66215
27496               |        0.64135|        0.66215
27497               |        0.65024|        0.69688
27498               |        1.52079|        1.66868
27499               |        0.73672|        0.77549
27500               |        0.93698|        0.99801
27501               |        0.93700|        0.99801
27502               |        1.23674|        1.20794
27503               |        1.23676|        1.20794
27504               |        1.35520|        1.94131
27505               |        0.70856|        0.72061
27506               |        0.70856|        0.72061
27507               |        0.70856|        0.72061
27508               |        0.28222|        0.99359
27509               |        1.46168|        1.90490
27510               |        0.79170|        0.92520
27511               |        0.77744|        0.83298
27512               |        2.76375|        3.00375
27513               |        0.82956|        0.92525
27514               |        0.82956|        0.92525
27515               |        1.29361|        1.35967
27516               |        0.82766|        0.87700
27517               |        0.82766|        0.87700
27518               |        0.65285|        0.69935
27519               |        0.00000|        0.73767
27520               |        4.55360|        5.20080
27521               |        6.22380|        7.06337
27522               |        0.86492|        0.90428
27523               |        1.03797|        1.12481
27524               |        1.03797|        1.12481
27525               |        0.82076|        0.83543
27526               |        0.82076|        0.83543
27527               |        1.24570|        1.24609
27528               |        2.10790|        2.26189
27529               |        2.10790|        2.26189
27530               |        0.63190|        0.66432
27531               |        0.63190|        0.66432
27532               |        0.60199|        0.64514
27533               |        1.16493|        1.19045
27534               |        0.68002|        0.71056
27535               |        0.71532|        1.26325
27536               |        3.46774|        3.25667
27542               |        1.09786|        1.12959
27543               |        1.09786|        1.12959
27544               |        1.00723|        0.98272
27545               |        1.00723|        0.98272
27546               |        0.80298|        0.86354
27547               |        0.65659|        0.72332
27548               |        1.32197|        1.32191
27549               |        2.76150|        3.07850
27550               |        2.79157|        3.12167
27551               |        0.80821|        0.81378
27552               |        1.19603|        1.18950
27553               |        0.64940|        0.67760
27554               |        0.70746|        0.73538
27555               |        3.46774|        3.25667
27556               |        1.67100|        1.90925
27557               |        0.74553|        1.06773
27558               |        0.63581|        0.65364
27559               |        0.79717|        0.96529
27560               |        0.77747|        0.83466
27561               |        0.78410|        0.85134
27562               |        0.66860|        0.71606
27563               |        0.86259|        0.95870
27564               |        1.18085|        1.20190
27565               |        1.17358|        1.16740
27566               |        0.78856|        0.83532
27567               |        0.84000|        0.86557
27568               |        0.84000|        0.86557
27569               |        1.07200|        1.10121
27570               |        1.07200|        1.10121
27571               |        0.60701|        0.63759
27572               |        2.94945|        2.51450
27573               |        0.73016|        0.90813
27574               |        0.73016|        0.90813
27575               |        1.22356|        1.21357
27576               |        0.58178|        0.58317
27577               |        0.77567|        0.78160
27578               |        1.57149|        1.66326
27579               |        0.77743|        0.82001
27580               |        0.77742|        0.82001
27581               |        0.83126|        0.97892
27582               |        0.83126|        0.97892
27583               |        1.02358|        1.00506
27584               |        0.69660|        0.74799
27585               |        0.69660|        0.74799
27586               |        1.10636|        1.09456
27587               |        1.10636|        1.09456
27588               |        0.69605|        0.72716
27589               |        0.74925|        0.78703
27590               |        0.73050|        0.72876
27591               |        3.20409|        2.93444
27592               |        3.26060|        2.89762
27593               |        1.13888|        0.93000
27594               |        1.21156|        1.39552
27595               |        1.21156|        1.39552
27596               |        0.85640|        0.89162
27597               |        2.31842|        2.17025
27598               |        0.43439|        0.43975
27599               |        0.71447|        0.74141
27600               |        0.66595|        0.70956
27601               |        1.38271|        1.41953
27603               |        0.54178|        1.59386
27604               |        0.63500|        0.75054
27605               |        0.77499|        0.81750
27606               |        0.58053|        0.58620
27607               |        0.82335|        0.87539
27608               |        0.89471|        0.91141
27609               |        0.71408|        0.73798
27610               |        0.71406|        0.73798
27611               |        0.69679|        0.71991
27612               |        0.76754|        0.80926
27613               |        0.65300|        0.69447
27614               |        1.01176|        1.02617
27615               |        0.54661|        0.61169
27616               |        0.74834|        0.76622
27617               |        0.88470|        0.89454
27618               |        0.92397|        0.96394
27619               |        0.59136|        0.93665
27620               |        1.33681|        1.40139
27621               |        0.98893|        0.97310
27622               |        0.53808|        0.63306
27623               |        1.37283|        1.40859
27624               |        1.37283|        1.40859
27625               |        0.83769|        0.85529
27626               |        0.83769|        0.85529
27627               |        0.60468|        0.68678
27628               |        1.32224|        1.39989
27629               |        1.32224|        1.39989
27630               |        2.76560|        3.02280
27631               |        2.75560|        3.08600
27632               |        1.17434|        1.16876
27633               |        1.18085|        1.20580
27634               |        0.68361|        0.74179
27635               |        0.98706|        0.99845
27637               |        0.75051|        0.77134
27638               |        0.76411|        0.79561
27639               |        0.76412|        0.79561
27640               |        1.37630|        1.45350
27641               |        0.85640|        0.89163
27642               |        0.57420|        0.59512
27643               |        0.76877|        0.80791
27644               |        0.66862|        0.71849
27647               |        0.74382|        0.79496
27648               |        0.66338|        0.75516
27649               |        0.64827|        0.69886
27650               |        0.64827|        0.69886
27651               |        0.44521|        5.23119
27652               |        0.79257|        0.92783
27653               |        0.84294|        0.98918
27654               |        1.37960|        1.38078
27655               |        1.37960|        1.38078
27656               |        1.30413|        1.21846
27657               |        1.13119|        1.09786
27658               |        0.61756|        0.66190
27659               |        0.76318|        0.78954
27660               |        1.09043|        1.15877
27661               |        0.96940|        1.02547
27662               |        3.00323|        3.46382
27663               |        0.58510|        0.59077
27664               |        0.67120|        0.72419
27665               |        1.18085|        1.20580
27666               |        1.64492|        1.75408
27667               |        0.72363|        0.75919
27668               |        0.77891|        0.81679
27669               |        0.65312|        0.76176
27670               |        0.69446|        0.73038
27671               |        0.69446|        0.73038
27672               |        0.85513|        1.31797
27673               |        1.04912|        1.08647
27674               |        0.61990|        0.95191
27675               |        0.43276|        0.46527
27676               |        3.46774|        3.24750
27677               |        6.29596|        7.05494
27678               |        0.53038|        0.56460
27679               |       67.36560|       79.95405
27680               |        0.66631|        0.70753
27681               |        0.59521|        0.64879
27682               |        0.57642|        0.68640
27683               |        3.00323|        3.46382
27684               |        3.00320|        3.46382
27685               |        0.58406|        0.63828
27686               |        0.65273|        0.72065
27687               |        0.76398|        0.83388
27688               |        0.79273|        0.80204
27689               |        1.20913|        1.20456
27690               |        1.06115|        1.10606
27691               |        0.79717|        0.95429
27692               |        0.55600|        0.61441
27693               |        1.24193|        1.23602
27694               |        1.33733|        1.41388
27695               |        0.71189|        0.77466
27696               |        1.17466|        1.39611
27697               |        1.07181|        1.10802
27698               |        1.07181|        1.10802
27699               |        2.12675|        1.89940
27700               |        3.14733|        2.72053
27701               |        0.74843|        0.80086
27702               |        1.18161|        1.17989
27703               |        0.87591|        0.88210
27704               |        0.87591|        0.88210
27705               |        0.75875|        0.79524
27706               |        0.66399|        0.66874
27707               |        0.66400|        0.66874
27708               |        0.77647|        0.80520
27709               |        0.44521|        5.23119
27710               |        0.54178|        1.59386
27711               |        0.41592|        1.56291
27712               |        1.59306|        1.69040
27713               |        0.99007|        0.97090
27714               |        1.26448|        1.27571
27715               |        0.67026|        0.72319
27716               |        0.58487|        0.59055
27717               |        0.95870|        1.00326
27718               |        0.78694|        0.82364
27719               |        0.83441|        0.86400
27720               |        0.83441|        0.86400
27721               |        1.16565|        1.19721
27722               |        1.16566|        1.19721
27723               |        3.01863|        2.62902
27724               |        0.65575|        0.73840
27725               |        0.69456|        0.74637
27726               |        0.69456|        0.74637
27727               |        0.68675|        0.71295
27728               |        0.76669|        0.77898
27729               |        0.56839|        0.59433
27730               |        0.56839|        0.59433
27731               |        3.46774|        3.22250
27732               |        0.52794|        0.62273
27733               |        0.92861|        0.92802
27734               |        1.18085|        1.20580
27735               |        0.78252|        0.83159
27736               |        1.49107|        1.61255
27737               |        1.49107|        1.61255
27738               |        2.62806|        2.54747
27739               |        0.76736|        0.80320
27740               |        0.76736|        0.80320
27741               |        0.78995|        0.83951
27742               |        0.61571|        0.73002
27743               |        0.76423|        0.79941
27744               |        1.36685|        1.36579
27745               |        1.36685|        1.36579
27746               |        1.01495|        1.04295
27747               |        0.79257|        0.92783
27748               |        0.66942|        0.71976
27749               |        0.76570|        0.79450
27750               |        0.69900|        0.82294
27751               |        0.69900|        0.82294
27752               |        0.67710|        0.68107
27753               |        0.64874|        1.28632
27754               |        0.64874|        1.28632
27755               |        1.20050|        1.19629
27756               |        1.13476|        1.10154
27757               |        1.51028|        1.99370
27758               |        0.87653|        0.89004
27759               |        0.87653|        0.89004
27760               |        0.77144|        0.83421
27761               |        0.57634|        0.57976
27762               |        0.68762|        0.70278
27763               |        0.60289|        0.63656
27765               |        0.66705|        0.74552
27766               |        0.40137|        0.40750
27767               |        0.57501|        0.63397
27768               |        0.66294|        0.70562
27769               |        1.80160|        2.58700
27770               |        0.73167|        0.76296
27771               |        0.52694|        0.62815
27772               |        1.94170|        2.68580
27773               |        1.56859|        1.80841
27774               |        2.04426|        2.05642
27775               |        0.74698|        0.79219
27776               |        0.65067|        0.71700
27777               |        0.67112|        0.73128
27778               |        0.40808|        0.41424
27779               |        1.46190|        1.45717
27780               |        0.52809|        1.31070
27781               |        0.59807|        0.60261
27782               |        0.48015|        3.66732
27783               |        0.74293|        0.73277
27784               |        0.74293|        0.73277
27785               |        0.67853|        0.73336
27786               |        0.80506|        0.80947
27787               |        0.69777|        0.87280
27788               |        1.46400|        1.14200
27789               |        1.60610|        1.68700
27790               |        1.25115|        1.27571
27791               |        1.17880|        1.20411
27792               |        0.73397|        0.79411
27793               |        0.79098|        0.92449
27794               |        0.75693|        0.83632
27795               |        0.64703|        0.72241
27796               |        0.82547|        0.88459
27797               |        1.00959|        1.51953
27798               |        1.03401|        1.51822
27799               |        0.80063|        1.11517
27800               |        0.58924|        0.61884
27801               |        1.62404|        1.80770
27802               |        2.75567|        3.08600
27803               |        0.58544|        1.73220
27804               |        0.71885|        0.74912
27806               |        0.75384|        0.78927
27807               |        0.76440|        0.84220
27808               |        0.80906|        0.83253
27809               |        1.20027|        1.20764
27810               |        1.20027|        1.20764
27811               |        2.74120|        2.66006
27813               |        0.59790|        0.62751
27814               |        0.76800|        0.77833
27815               |        1.34727|        1.42449
27816               |        0.96541|        0.96096
27817               |        0.96540|        0.96096
27818               |        2.50250|        2.71000
27819               |        0.65160|        3.58420
27820               |        0.61434|        0.67820
27821               |        0.84588|        0.91030
27822               |        1.15853|        1.17559
27823               |        0.59868|        0.62460
27824               |        0.59868|        0.62460
27825               |        0.70320|        0.74516
27826               |        2.83000|        2.72720
27827               |        1.09007|        1.13921
27828               |        0.45340|        5.19141
27829               |        0.79170|        0.92520
27830               |        0.62486|        0.65580
27831               |        1.63850|        1.67880
27832               |        0.84604|        1.04094
27833               |        0.84605|        1.04094
27834               |        0.45318|        1.20081
27835               |        0.58640|        0.62311
27836               |        0.55981|        1.17199
27837               |        0.62245|        0.95661
27838               |        1.94170|        2.68580
27839               |        0.75885|        0.79644
27840               |        1.05428|        1.05369
27841               |        0.40973|        1.18711
27842               |        0.42765|        2.36270
27843               |        0.52718|        0.93747
27844               |        1.07146|        1.10072
27845               |        1.07146|        1.10072
27846               |        6.33028|        7.13042
27847               |        0.65631|        1.02760
27848               |       12.25960|       13.76964
27849               |        1.76506|        1.77701
27850               |        0.77775|        0.80412
27851               |        0.91255|        0.97983
27852               |        0.78346|        0.83141
27853               |        0.76570|        0.79450
27854               |        0.53314|        0.93271
27855               |        0.81435|        0.90222
27856               |        0.81435|        0.90222
27857               |        0.66672|        0.71505
27858               |        0.67617|        1.01340
27859               |        1.15482|        1.15375
27860               |        0.63133|        0.97125
27861               |        0.67617|        1.01340
27862               |        0.75137|        0.80450
27863               |        0.68350|        0.73510
27864               |        0.64040|        0.68014
27865               |        0.00000|        0.63552
27866               |        0.76208|        0.77840
27867               |        0.58487|        0.62123
27868               |        1.25179|        1.27212
27869               |        0.59738|        0.62747
27870               |        0.87089|        0.89192
27871               |        0.97105|        0.96954
27872               |        1.30059|        1.31297
27873               |        1.30060|        1.31297
27874               |        1.19594|        1.22088
27875               |        0.74963|        0.76093
27876               |        0.72939|        0.78925
27877               |        0.64007|        0.67945
27878               |        1.21747|        1.25020
27879               |        1.64492|        1.75408
27880               |        0.75465|        0.81315
27881               |        3.08058|        2.70557
27882               |        0.56860|        1.18490
27883               |        0.60960|        1.33599
27884               |        1.16924|        1.20522
27885               |        1.16924|        1.20522
27886               |        1.10837|        1.16495
27887               |        0.67351|        0.74239
27888               |        0.63454|        0.66943
27889               |        0.66546|        0.71891
27890               |        0.79717|        0.95729
27891               |        0.00000|        1.34154
27892               |        1.77080|        2.02743
27893               |        0.68472|        0.71742
27894               |        0.00000|        0.70643
27895               |        0.54758|        0.56239
27896               |        0.67892|        0.73357
27897               |        0.67892|        0.73357
27898               |        0.66294|        0.69009
27899               |        1.23555|        1.37181
27900               |        1.23555|        1.38581
27901               |        0.99329|        1.15573
27902               |        0.58985|        0.59852
27903               |        0.69725|        1.18528
27904               |        1.67182|        1.76400
27905               |        0.84306|        0.85741
27906               |        0.84307|        0.85741
27907               |        0.79290|        0.85767
27908               |        0.79290|        0.85767
27909               |        0.71983|        0.75381
27910               |        3.41358|        3.16667
27911               |        0.75900|        0.78141
27912               |        1.18429|        1.21071
27913               |        0.75582|        0.84259
27914               |        0.00000|        0.88882
27915               |        0.79170|        0.92520
27916               |        1.13753|        1.18675
27917               |        2.14231|        1.71400
27919               |        2.75568|        3.08600
27920               |        0.67542|        0.72142
27921               |        1.16217|        1.24239
27922               |        2.76176|        3.07820
27923               |        2.84296|        2.51265
27924               |        1.13861|        1.14386
27925               |        1.11346|        1.24076
27926               |        1.11346|        1.24076
27927               |        0.44054|        0.51503
27928               |        0.53847|        0.56082
27929               |        0.78217|        0.82876
27930               |        0.65144|        0.69789
27931               |        1.21016|        1.46250
27932               |        0.67441|        0.70227
27933               |        1.41965|        1.43090
27934               |        1.59306|        1.69080
27935               |        0.98893|        0.97390
27936               |        1.75330|        2.01976
27937               |        1.28796|        1.28788
27938               |        1.22824|        1.26170
27939               |        0.71416|        0.74422
27940               |        2.84936|        2.67257
27941               |        2.21890|        2.39750
27942               |        0.69476|        0.74542
27943               |        0.69476|        0.74542
27944               |        1.41654|        1.42932
27945               |        1.28512|        1.35506
27946               |        0.50979|        1.29899
27947               |        0.50977|        1.29899
27948               |        0.75935|        0.83207
27949               |        1.28615|        1.29713
27950               |        1.28615|        1.29713
27951               |        2.41431|        2.42977
27952               |        1.39579|        1.43165
27953               |        0.85529|        0.88960
27954               |        0.85526|        0.88960
27955               |        0.72961|        0.79400
27956               |        1.16400|        1.19248
27957               |        0.55365|        0.57695
27958               |        1.40106|        1.40966
27959               |        0.78598|        0.81534
27960               |        1.15199|        1.16447
27961               |        1.05260|        2.53982
27962               |        1.50709|        1.52576
27963               |        1.05339|        1.37557
27964               |        1.19202|        1.20938
27965               |        1.19202|        1.20938
27966               |        0.63630|        0.67043
27967               |        2.38080|        2.59032
27968               |        0.87303|        0.93403
27969               |        0.70465|        0.70570
27970               |        0.62240|        0.66456
27971               |        5.36168|        6.02868
27972               |        0.38236|        0.85746
27973               |        0.72534|        0.74741
27974               |        0.72534|        0.74741
27975               |        0.87500|        1.34264
27976               |        0.87507|        1.34264
27977               |        0.64297|        0.72392
27978               |        0.64296|        0.72392
27979               |        6.21458|        7.09540
27980               |        0.80220|        0.85803
27981               |        0.80230|        0.85803
27982               |        0.80227|        0.85803
27983               |        0.80227|        0.85803
27984               |        0.79717|        0.95600
27985               |        0.60490|        0.64558
27986               |        0.85783|        0.89304
27987               |        0.85783|        0.89304
27988               |        0.81094|        0.94902
27989               |        0.81094|        0.94902
27990               |        0.57470|        2.35256
27991               |        0.44536|        1.63340
27992               |        0.74238|        0.77723
27993               |        1.13476|        1.10154
27994               |        0.74678|        0.81441
27995               |        1.25576|        1.30027
27996               |        0.60918|        0.62789
27997               |        0.60918|        0.62789
27998               |        1.01567|        1.05060
27999               |        0.66996|        0.71789
28000               |        0.82107|        0.85572
28001               |        0.82107|        0.85572
28002               |        1.14910|        1.60000
28003               |        1.36849|        1.43558
28004               |        1.04256|        1.04051
28005               |        1.06115|        1.10606
28006               |        0.57729|        0.61586
28007               |        1.30217|        1.32103
28008               |        1.53235|        1.72874
28009               |        3.46774|        3.18083
28010               |        0.90201|        0.95258
28011               |        0.81474|        0.84652
28012               |        1.21501|        1.21540
28013               |        0.60520|        0.64453
28014               |        0.60520|        0.64453
28015               |        0.79981|        0.87532
28016               |        0.79981|        0.87532
28017               |        0.71561|        0.80220
28018               |        0.72981|        0.79036
28019               |        1.28997|        1.39321
28020               |        1.13476|        1.10154
28021               |        0.88509|        0.96655
28022               |        0.44109|        1.65428
28023               |        0.44110|        1.65428
28024               |        1.92840|        2.14326
28025               |        1.06005|        1.13245
28026               |        1.06005|        1.13245
28027               |        0.82696|        0.90359
28028               |        0.91875|        0.97865
28029               |        0.62564|        0.66756
28030               |        0.47108|        0.48460
28031               |        0.47108|        0.48460
28032               |        1.19953|        1.24194
28033               |        0.55557|        0.57842
28034               |        0.82628|        0.89105
28035               |        0.57100|        0.58629
28036               |        1.87790|        1.97361
28037               |        0.82284|        0.89773
28038               |        0.85371|        0.91422
28039               |        1.20358|        1.38275
28040               |        0.66739|        0.71115
28041               |        0.66739|        0.71115
28042               |        0.69254|        0.75660
28043               |        0.69254|        0.75660
28044               |        1.29580|        1.43935
28045               |        1.29580|        1.43935
28046               |        1.37263|        1.40741
28047               |        0.79596|        0.87062
28048               |        0.79596|        0.87062
28049               |        0.67556|        0.73317
28050               |        0.67041|        0.71898
28051               |        0.71188|        0.75510
28052               |        1.80160|        2.58700
28053               |        1.02754|        1.03092
28054               |        1.38235|        1.38230
28055               |        1.22810|        1.28426
28056               |        0.75553|        0.80479
28057               |        3.46775|        3.18083
28058               |        0.59520|        0.63102
28059               |        0.63598|        0.68220
28060               |        1.27629|        1.33641
28061               |        1.72752|        1.81502
28062               |        0.94081|        1.00723
28063               |        0.40411|        0.41325
28064               |        0.77561|        0.83587
28065               |        1.24602|        1.27079
28066               |        0.56389|        1.71080
28067               |        0.73117|        0.77609
28068               |        0.61540|        0.65613
28069               |        0.61540|        0.65613
28070               |        0.56496|        0.60535
28071               |        0.67066|        0.72944
28072               |        0.76837|        0.82154
28073               |        1.26577|        1.32297
28074               |        1.28722|        1.33027
28075               |        3.13908|        2.84688
28076               |        0.39211|        0.40174
28077               |        0.45552|        0.47263
28078               |        0.45551|        0.47263
28079               |        0.56606|        0.58118
28080               |        0.72600|        0.80555
28081               |        1.12346|        1.19661
28082               |        0.89187|        1.16677
28083               |        1.14814|        1.16492
28084               |        0.72524|        0.74720
28085               |        0.84005|        0.86235
28086               |        0.84005|        0.86235
28087               |        0.65603|        0.71582
28088               |        1.12860|        1.20893
28089               |        0.87305|        0.95970
28090               |        0.74539|        0.79652
28091               |        0.74540|        0.79652
28092               |        0.80565|        0.96465
28093               |        0.73989|        0.78502
28094               |        1.48197|        1.49537
28095               |        1.91987|        2.01530
28096               |        0.73227|        0.76679
28097               |        0.84807|        1.31174
28098               |        0.84808|        1.31174
28099               |        1.97594|        1.92900
28100               |        1.97600|        1.92900
28101               |        0.45487|        1.19039
28102               |        0.77669|        0.80338
28103               |        0.73117|        0.77609
28104               |        0.61628|        0.64042
28105               |        2.52350|        2.39740
28106               |        2.33250|        2.23210
28107               |        1.18085|        1.20660
28108               |        0.66655|        0.75833
28109               |        0.74176|        0.79710
28110               |        0.82668|        0.91090
28111               |        0.82476|        0.87250
28112               |        0.81799|        0.84111
28113               |        0.68556|        0.72707
28114               |        1.57693|        1.81637
28115               |        1.18105|        1.21087
28116               |        1.18100|        1.21087
28117               |        1.18105|        1.21087
28118               |        1.75530|        1.81562
28119               |        1.02444|        1.03919
28120               |        0.69186|        0.85601
28121               |        0.56973|        0.61103
28122               |        0.79717|        0.95600
28123               |        0.96478|        1.06158
28124               |        0.98893|        0.97390
28125               |        0.67150|        0.72900
28126               |        0.73421|        0.77573
28127               |        0.72826|        0.76426
28128               |        1.04553|        1.19357
28129               |        0.59656|        0.64091
28130               |        0.61398|        0.65515
28131               |        0.57467|        1.78699
28133               |        0.57319|        0.58856
28134               |        0.78528|        0.82301
28135               |        0.40950|        0.41867
28136               |        0.69007|        1.23395
28137               |        0.70816|        0.80876
28138               |        1.36100|        1.37389
28139               |        0.79039|        0.86464
28140               |        0.79039|        0.86464
28141               |        1.28307|        1.32845
28142               |        0.54765|        0.73125
28143               |        0.79170|        0.92520
28144               |        1.28209|        1.34337
28145               |        1.28209|        1.34337
28146               |        1.32795|        1.39455
28147               |        0.87075|        0.89719
28148               |        0.66446|        0.72113
28149               |        0.89794|        0.93465
28150               |        0.78156|        0.82976
28151               |        1.12547|        1.18193
28152               |        0.82661|        0.88295
28153               |        0.78597|        0.83120
28154               |        3.94070|        4.29000
28155               |        0.93422|        0.98972
28156               |        0.88013|        0.92055
28157               |        0.78054|        0.88211
28158               |        0.78054|        0.88211
28159               |        1.05380|        1.16266
28160               |        0.00000|        1.27287
28161               |        0.73996|        0.78134
28162               |        1.13476|        1.10154
28163               |        1.05081|        1.06469
28164               |        1.05082|        1.06469
28165               |        0.78280|        0.82052
28166               |        0.66989|        0.72237
28167               |        0.79303|        0.83937
28168               |        1.03813|        1.10304
28169               |        2.29968|        3.12912
28170               |        1.29028|        1.39339
28171               |        1.24721|        1.30211
28172               |        1.22681|        1.28407
28173               |        1.22681|        1.28407
28174               |        1.03705|        1.04963
28175               |        0.79891|        0.86960
28176               |        0.61212|        0.65329
28177               |        0.53776|        5.50979
28178               |        0.74008|        0.79318
28179               |        1.63850|        1.67880
28180               |        2.84167|        2.46981
28181               |        0.81776|        0.88322
28183               |        1.29561|        1.43863
28184               |        0.89674|        0.97560
28185               |        1.00727|        1.07609
28186               |        0.73403|        0.75631
28187               |        1.17082|        1.21987
28188               |        0.66894|        0.72103
28189               |        2.84167|        2.46981
28190               |        1.08120|        1.18483
28191               |        0.78177|        0.81947
28192               |        1.13720|        1.06921
28193               |        1.13721|        1.06921
28194               |        0.67189|        0.74933
28195               |        1.26401|        1.30887
28196               |        0.39834|        0.40870
28197               |        0.70924|        0.74371
28198               |        0.83622|        0.98096
28199               |        1.14504|        1.20956
28200               |        1.14631|        1.16312
28201               |        0.92073|        0.95712
28202               |        0.92073|        0.95712
28203               |        0.74147|        0.77635
28204               |        0.63751|        0.67867
28205               |        0.56917|        0.60262
28206               |        0.57000|        0.58526
28207               |        0.64479|        0.69398
28208               |        0.66869|        0.70271
28209               |        0.74041|        0.79596
28210               |        0.74042|        0.79596
28211               |        0.00000|        0.76353
28212               |        0.97173|        1.02392
28213               |        0.63108|        0.67801
28214               |        0.68613|        0.72027
28215               |        0.81567|        0.87927
28216               |        0.69166|        0.78886
28217               |        0.64073|        0.68516
28218               |        1.22391|        1.28869
28220               |        2.86340|        2.51856
28221               |        0.68892|        0.73387
28222               |        0.80425|        0.85061
28223               |        0.68797|        0.73219
28224               |        0.54157|        0.56820
28225               |        0.79170|        0.92119
28226               |        0.83294|        0.91404
28227               |        0.53776|        5.50979
28228               |        0.96911|        1.04154
28229               |        0.59794|        0.65761
28230               |        1.21262|        1.26375
28231               |        0.78728|        0.83854
28232               |        0.73558|        0.76575
28233               |        0.85782|        1.33032
28234               |        1.19567|        1.31190
28235               |        1.19568|        1.31190
28236               |        1.09598|        1.14964
28237               |        1.09600|        1.14964
28238               |        0.76677|        0.79975
28239               |        0.58471|        0.66298
28240               |        0.58471|        0.66298
28241               |        0.69938|        0.75249
28242               |        1.18500|        1.24994
28243               |        0.80132|        0.82902
28244               |        1.37087|        1.41706
28245               |        1.37087|        1.41706
28246               |        0.39913|        0.40969
28248               |        0.00000|        0.74364
28249               |        0.00000|        0.61460
28250               |        0.00000|        1.16461
28251               |        0.00000|        0.74767
28252               |        0.00000|        0.73426
28253               |        0.00000|        0.69749
28254               |        0.00000|        0.92159
28255               |        0.00000|        0.94231
28256               |        0.00000|        0.89114
28257               |        0.00000|        0.65546
28258               |        0.00000|        1.34861
28259               |        0.00000|        1.43610
28260               |        0.00000|        1.64180
28261               |        0.00000|        1.58493
28262               |        0.00000|        0.76296
28263               |        0.00000|        0.98736
28264               |        0.00000|        1.06654
28265               |        0.00000|        1.35753
28266               |        0.00000|        0.89617
28267               |        0.00000|        2.89905
28268               |        0.00000|        1.27323
28269               |        0.00000|        1.27323
28270               |        0.00000|        0.79678
28271               |        0.00000|        0.61655
28272               |        0.00000|        0.76021
28273               |        0.00000|        1.02998
28274               |        0.00000|        0.88537
28275               |        0.00000|        0.88537
28276               |        0.00000|        0.70157
28277               |        0.00000|        1.47185
28278               |        0.00000|        1.47185
28279               |        0.00000|        0.86050
28280               |        0.00000|        0.71964
28281               |        0.00000|        5.06960
28282               |        0.00000|        6.78037
28283               |        0.00000|        0.72400
28284               |        0.00000|        1.18761
28285               |        0.00000|        1.49572
28286               |        0.00000|        0.78491
28287               |        0.00000|        3.18083
28288               |        0.00000|        0.70895
28289               |        0.00000|        1.13573
28290               |        0.00000|        0.91866
28291               |        0.00000|        1.35090
28292               |        0.00000|        3.12912
28293               |        0.00000|        1.26051
28294               |        0.00000|        0.40793
28295               |        0.00000|        0.65946
28296               |        0.00000|        0.98061
28297               |        0.00000|        0.84170
28298               |        0.00000|        0.84170
28299               |        0.00000|        0.83217
28300               |        0.00000|        0.83217
28301               |        0.00000|        2.48020
28302               |        0.00000|        0.82352
28303               |        0.00000|        0.68007
28304               |        0.00000|        1.28014
28305               |        0.00000|        2.80465
28306               |        0.00000|        2.14326
28307               |        0.00000|        1.06654
28308               |        0.00000|        1.20884
28309               |        0.00000|        1.81200
28310               |        0.00000|        1.58000
28311               |        0.00000|        0.89136
28312               |        0.00000|        1.33859
28313               |        0.00000|        0.89465
28314               |        0.00000|        1.19309
28315               |        0.00000|        1.19309
28316               |        0.00000|        0.79601
28317               |        0.00000|        0.85895
28318               |        0.00000|        0.80379
28319               |        0.00000|        1.12091
28320               |        0.00000|        0.95858
28321               |        0.00000|        1.35300
28322               |        0.00000|        1.35300
28323               |        0.00000|        1.12484
28324               |        0.00000|        0.58416
28325               |        0.00000|        1.22138
28326               |        0.00000|        1.07219
28327               |        0.00000|        0.92218
28328               |        0.00000|        0.85899
28329               |        0.00000|        1.31313
28330               |        0.00000|        0.74267
28331               |        0.00000|        0.78034
28332               |        0.00000|        1.46864
28333               |        0.00000|        0.73499
28334               |        0.00000|        0.60160
28335               |        0.00000|        0.88269
28336               |        0.00000|        1.40406
28337               |        0.00000|        1.40406
28338               |        0.00000|        0.73292
28339               |        0.00000|        0.64047
28340               |        0.00000|        0.80652
28341               |        0.00000|        1.35372
28342               |        0.00000|        0.68634
28343               |        0.00000|        0.76719
28344               |        0.00000|        0.76755
28345               |        0.00000|        0.86518
28346               |        0.00000|        1.68944
28347               |        0.00000|        0.84785
28348               |        0.00000|        0.85329
28349               |        0.00000|        1.21368
28350               |        0.00000|        1.15066
28351               |        0.00000|        0.71210
28352               |        0.00000|        1.00512
28353               |        0.00000|        2.65450
28354               |        0.00000|        2.75093
28355               |        0.00000|        0.78288
28356               |        0.00000|        1.22413
28357               |        0.00000|        1.22413
28358               |        0.00000|        0.82887
28359               |        0.00000|        0.74854
28360               |        0.00000|        1.35550
28361               |        0.00000|        1.05285
28362               |        0.00000|        2.99300
28363               |        0.00000|        0.74570
28364               |        0.00000|        1.33806
28365               |        0.00000|        0.76788
28366               |        0.00000|        1.02041
28367               |        0.00000|        0.92399
28368               |        0.00000|        0.93245
28369               |        0.00000|        0.77154
28370               |        0.00000|        3.18083
28371               |        0.00000|        0.80929
28372               |        0.00000|        3.60080
28373               |        0.00000|        1.72443
28374               |        0.00000|        1.33550
